Author,Rating
PR Yadav,4.4 out of 5 stars
N/A,4.4 out of 5 stars
Oswaal Editorial Board,4.7 out of 5 stars
एम लक्ष्मीकांत,4.4 out of 5 stars
Wonder House Books,4.7 out of 5 stars
Rajesh Verma,4.3 out of 5 stars
EduGorilla Prep Experts,4.2 out of 5 stars
N/A,4.4 out of 5 stars
N/A,4.7 out of 5 stars
N/A,4.0 out of 5 stars
N/A,4.7 out of 5 stars
ALLEN Expert Faculties,4.1 out of 5 stars
Oswaal Editorial Board,3.9 out of 5 stars
EduGorilla Prep Experts,3.8 out of 5 stars
N/A,4.3 out of 5 stars
Wonder House Books,4.7 out of 5 stars
ALLEN Expert Faculties,4.2 out of 5 stars
MANJUNATH M S,4.6 out of 5 stars
Wonder House Books,4.7 out of 5 stars
N/A,4.4 out of 5 stars
N/A,4.0 out of 5 stars
Wonder House Books,4.7 out of 5 stars
Kriti Sharma,4.6 out of 5 stars
Oswaal Editorial Board,4.4 out of 5 stars
Sriram Benur,4.2 out of 5 stars
Timothy Ferriss,4.5 out of 5 stars
Ishinna B. Sadana,4.7 out of 5 stars
SUBHADRA SEN GUPTA,4.5 out of 5 stars
ALLEN Expert Faculties,4.1 out of 5 stars
R.K. Gupta,4.5 out of 5 stars
N/A,N/A
Scholastic Inc.,4.6 out of 5 stars
Sweta Adatia,4.0 out of 5 stars
Rohit Vaidwan,3.8 out of 5 stars
Mangal,4.5 out of 5 stars
N/A,4.0 out of 5 stars
ALLEN Expert Faculties,4.2 out of 5 stars
P. C. Wren,4.4 out of 5 stars
Arihant Experts,4.1 out of 5 stars
Tim Marshall,4.4 out of 5 stars
N/A,4.2 out of 5 stars
N/A,4.0 out of 5 stars
N/A,N/A
Scholastic Teaching Resources,4.6 out of 5 stars
Dr. Sanjay Kumar,4.0 out of 5 stars
Amulya Dhal,4.4 out of 5 stars
Princeton Review,4.3 out of 5 stars
N/A,5.0 out of 5 stars
Mr. Tarun Parmar,4.5 out of 5 stars
Avnish Nagar,3.8 out of 5 stars
